DATE,SGD
2025/11/17,5.4577
2025/11/14,5.4483
2025/11/13,5.4512
2025/11/12,5.4528
2025/11/11,5.4468
2025/11/10,5.4476
2025/11/7,5.4391
2025/11/6,5.4358
2025/11/5,5.433
2025/11/4,5.4417
2025/11/3,5.4545
2025/10/31,5.4615
2025/10/30,5.4698
2025/10/29,5.4799
2025/10/28,5.473
2025/10/27,5.47
2025/10/24,5.471
2025/10/23,5.4749
2025/10/22,5.4748
2025/10/21,5.4934
2025/10/20,5.4891
2025/10/17,5.4934
2025/10/16,5.4854
2025/10/15,5.4772
2025/10/14,5.4784
2025/10/13,5.4837
2025/10/10,5.4809
2025/10/9,5.4972
2025/9/30,5.5131
2025/9/29,5.5108
2025/9/26,5.5052
2025/9/25,5.5271
2025/9/24,5.5387
2025/9/23,5.545
2025/9/22,5.537
2025/9/19,5.5475
2025/9/18,5.5611
2025/9/17,5.566
2025/9/16,5.5508
2025/9/15,5.5412
2025/9/12,5.5417
2025/9/11,5.5452
2025/9/10,5.5448
2025/9/9,5.5421
2025/9/8,5.5309
2025/9/5,5.5225
2025/9/4,5.5264
2025/9/3,5.5265
2025/9/2,5.5422
2025/9/1,5.541
2025/8/29,5.5453
2025/8/28,5.5421
2025/8/27,5.5464
2025/8/26,5.5519
2025/8/25,5.5645
2025/8/22,5.5493
2025/8/21,5.5638
2025/8/20,5.5672
2025/8/19,5.5692
2025/8/18,5.5751
2025/8/15,5.5694
2025/8/14,5.5809
2025/8/13,5.5724
2025/8/12,5.5621
2025/8/11,5.5678
2025/8/8,5.5717
2025/8/7,5.561
2025/8/6,5.5544
2025/8/5,5.5553
2025/8/4,5.5475
2025/8/1,5.5248
2025/7/31,5.5306
2025/7/30,5.5598
2025/7/29,5.5683
2025/7/28,5.585
2025/7/25,5.5949
2025/7/24,5.5979
2025/7/23,5.5924
2025/7/22,5.5868
2025/7/21,5.5717
2025/7/18,5.5692
2025/7/17,5.5802
2025/7/16,5.5757
2025/7/15,5.5838
2025/7/14,5.5928
2025/7/11,5.5933
2025/7/10,5.5954
2025/7/9,5.5958
2025/7/8,5.6029
2025/7/7,5.6167
2025/7/4,5.618
2025/7/3,5.6229
2025/7/2,5.623
2025/7/1,5.6287
2025/6/30,5.6179
2025/6/27,5.6201
2025/6/26,5.6055
2025/6/25,5.6009
2025/6/24,5.5877
2025/6/23,5.5727
2025/6/20,5.5835
2025/6/19,5.5889
2025/6/18,5.5887
2025/6/17,5.6053
2025/6/16,5.6008
2025/6/13,5.609
2025/6/12,5.5895
2025/6/11,5.5839
2025/6/10,5.5888
2025/6/9,5.5767
2025/6/6,5.5808
2025/6/5,5.5839
2025/6/4,5.5788
2025/6/3,5.586
2025/5/30,5.5783
2025/5/29,5.5727
2025/5/28,5.5844
2025/5/27,5.5974
2025/5/26,5.5896
2025/5/23,5.5729
2025/5/22,5.5784
2025/5/21,5.5638
2025/5/20,5.5583
2025/5/19,5.5473
2025/5/16,5.5542
2025/5/15,5.5387
2025/5/14,5.5225
2025/5/13,5.5249
2025/5/12,5.5637
2025/5/9,5.5563
2025/5/8,5.575
2025/5/7,5.5908
2025/5/6,5.5872
2025/4/30,5.5219
2025/4/29,5.5179
2025/4/28,5.5001
2025/4/25,5.5136
2025/4/24,5.5052
2025/4/23,5.518
2025/4/22,5.541
2025/4/21,5.5302
2025/4/18,5.5188
2025/4/17,5.5229
2025/4/16,5.4989
2025/4/15,5.4992
2025/4/14,5.4837
2025/4/11,5.4353
2025/4/10,5.3979
2025/4/9,5.3589
2025/4/8,5.3601
2025/4/7,5.3719
2025/4/3,5.3478
2025/4/2,5.3621
2025/4/1,5.3601
2025/3/31,5.3631
2025/3/28,5.3764
2025/3/27,5.3746
2025/3/26,5.3895
2025/3/25,5.3821
2025/3/24,5.3935
2025/3/21,5.3939
2025/3/20,5.4089
2025/3/19,5.4023
2025/3/18,5.4049
2025/3/17,5.3914
2025/3/14,5.388
2025/3/13,5.401
2025/3/12,5.4026
2025/3/11,5.403
2025/3/10,5.4113
2025/3/7,5.397
2025/3/6,5.4008
2025/3/5,5.3802
2025/3/4,5.3525
2025/3/3,5.344
2025/2/28,5.3522
2025/2/27,5.3844
2025/2/26,5.3878
2025/2/25,5.3759
2025/2/24,5.3914
2025/2/21,5.3959
2025/2/20,5.3689
2025/2/19,5.3707
2025/2/18,5.3671
2025/2/17,5.3695
2025/2/14,5.3605
2025/2/13,5.3338
2025/2/12,5.3311
2025/2/11,5.3243
2025/2/10,5.3201
2025/2/7,5.336
2025/2/6,5.3392
2025/2/5,5.3359
2025/1/27,5.3376
2025/1/24,5.3178
2025/1/23,5.3184
2025/1/22,5.3212
2025/1/21,5.3229
2025/1/20,5.2897
2025/1/17,5.2933
2025/1/16,5.291
2025/1/15,5.2921
2025/1/14,5.2897
2025/1/13,5.2818
2025/1/10,5.2899
2025/1/9,5.2928
2025/1/8,5.3054
2025/1/7,5.3006
2025/1/6,5.2743
2025/1/3,5.2817
2025/1/2,5.2991
2024/12/31,5.3214
2024/12/30,5.3234
2024/12/27,5.3197
2024/12/26,5.3197
2024/12/25,5.3168
2024/12/24,5.3282
2024/12/23,5.3309
2024/12/20,5.3145
2024/12/19,5.3119
2024/12/18,5.3563
2024/12/17,5.3528
2024/12/16,5.355
2024/12/13,5.3616
2024/12/12,5.3713
2024/12/11,5.3802
2024/12/10,5.3865
2024/12/9,5.378
2024/12/6,5.3864
2024/12/5,5.3733
2024/12/4,5.3743
2024/12/3,5.3722
2024/12/2,5.3768
2024/11/29,5.3712
2024/11/28,5.3809
2024/11/27,5.3634
2024/11/26,5.359
2024/11/25,5.3765
2024/11/22,5.3646
2024/11/21,5.3806
2024/11/20,5.3995
2024/11/19,5.3905
2024/11/18,5.3786
2024/11/15,5.3709
2024/11/14,5.3792
2024/11/13,5.4089
2024/11/12,5.3938
2024/11/11,5.4082
2024/11/8,5.4083
2024/11/7,5.3746
2024/11/6,5.3945
2024/11/5,5.3823
2024/11/4,5.3858
2024/11/1,5.3892
2024/10/31,5.3884
2024/10/30,5.3941
2024/10/29,5.3886
2024/10/28,5.3892
2024/10/25,5.3909
2024/10/24,5.388
2024/10/23,5.4125
2024/10/22,5.4093
2024/10/21,5.4179
2024/10/18,5.4216
2024/10/17,5.4222
2024/10/16,5.4368
2024/10/15,5.4154
2024/10/14,5.4119
2024/10/11,5.4162
2024/10/10,5.4097
2024/10/9,5.4106
2024/10/8,5.423
2024/9/30,5.4731
2024/9/27,5.4597
2024/9/26,5.4569
2024/9/25,5.472
2024/9/24,5.4616
2024/9/23,5.4642
2024/9/20,5.467
2024/9/19,5.4776
2024/9/18,5.4701
2024/9/13,5.4594
2024/9/12,5.459
2024/9/11,5.4581
2024/9/10,5.4473
2024/9/9,5.4474
2024/9/6,5.4555
2024/9/5,5.4464
2024/9/4,5.4451
2024/9/3,5.4395
2024/9/2,5.4376
2024/8/30,5.4588
2024/8/29,5.4711
2024/8/28,5.4731
2024/8/27,5.4617
2024/8/26,5.4693
2024/8/23,5.4474
2024/8/22,5.4595
2024/8/21,5.4653
2024/8/20,5.4516
2024/8/19,5.4294
2024/8/16,5.4086
2024/8/15,5.4229
2024/8/14,5.4224
2024/8/13,5.4023
2024/8/12,5.398
2024/8/9,5.3928
2024/8/8,5.3882
2024/8/7,5.3855
2024/8/6,5.3831
2024/8/5,5.3798
2024/8/2,5.3508
2024/8/1,5.3416
2024/7/31,5.3295
2024/7/30,5.3293
2024/7/29,5.3231
2024/7/26,5.3207
2024/7/25,5.3289
2024/7/24,5.3225
2024/7/23,5.3189
2024/7/22,5.3247
2024/7/19,5.3262
2024/7/18,5.3326
2024/7/17,5.3227
2024/7/16,5.3237
2024/7/15,5.3252
2024/7/12,5.3198
2024/7/11,5.3093
2024/7/10,5.2984
2024/7/9,5.2982
2024/7/8,5.301
2024/7/5,5.2896
2024/7/4,5.2849
2024/7/3,5.2735
2024/7/2,5.2703
2024/7/1,5.2713
2024/6/28,5.279
2024/6/27,5.2658
2024/6/26,5.2785
2024/6/25,5.2774
2024/6/24,5.278
2024/6/21,5.2794
2024/6/20,5.2864
2024/6/19,5.2809
2024/6/18,5.2847
2024/6/17,5.2805
2024/6/14,5.2896
2024/6/13,5.2941
2024/6/12,5.2822
2024/6/11,5.284
2024/6/7,5.3027
2024/6/6,5.2945
2024/6/5,5.2994
2024/6/4,5.2968
2024/6/3,5.2813
2024/5/31,5.2849
2024/5/30,5.2831
2024/5/29,5.2907
2024/5/28,5.2867
2024/5/27,5.2828
2024/5/24,5.2814
2024/5/23,5.2881
2024/5/22,5.294
2024/5/21,5.2916
2024/5/20,5.295
2024/5/17,5.2896
2024/5/16,5.2927
2024/5/15,5.2695
2024/5/14,5.2657
2024/5/13,5.2604
2024/5/10,5.2634
2024/5/9,5.2583
2024/5/8,5.2582
2024/5/7,5.2679
2024/5/6,5.2702
2024/4/30,5.241
2024/4/29,5.2446
2024/4/26,5.246
2024/4/25,5.2364
2024/4/24,5.2345
2024/4/23,5.2357
2024/4/22,5.2413
2024/4/19,5.2378
2024/4/18,5.2392
2024/4/17,5.2331
2024/4/16,5.2377
2024/4/15,5.251
2024/4/12,5.2699
2024/4/11,5.2699
2024/4/10,5.2962
2024/4/9,5.2836
2024/4/8,5.2763
2024/4/3,5.269
2024/4/2,5.2784
2024/4/1,5.2835
2024/3/29,5.2762
2024/3/28,5.2873
2024/3/27,5.2932
2024/3/26,5.2889
2024/3/25,5.2876
2024/3/22,5.3052
2024/3/21,5.3052
2024/3/20,5.3061
2024/3/19,5.3156
2024/3/18,5.3219
2024/3/15,5.333
2024/3/14,5.3371
2024/3/13,5.3404
2024/3/12,5.3469
2024/3/11,5.3421
2024/3/8,5.3335
2024/3/7,5.3151
2024/3/6,5.3013
2024/3/5,5.3001
2024/3/4,5.2944
2024/3/1,5.291
2024/2/29,5.2937
2024/2/28,5.3005
2024/2/27,5.2952
2024/2/26,5.3048
2024/2/23,5.3024
2024/2/22,5.2954
2024/2/21,5.2964
2024/2/20,5.2912
2024/2/19,5.2945
2024/2/9,5.2916
2024/2/8,5.3029
2024/2/7,5.2967
2024/2/6,5.2943
2024/2/5,5.3085
2024/2/2,5.3212
2024/2/1,5.3151
2024/1/31,5.3144
2024/1/30,5.3173
2024/1/29,5.3068
2024/1/26,5.3128
2024/1/25,5.3098
2024/1/24,5.3131
2024/1/23,5.3135
2024/1/22,5.3167
2024/1/19,5.3094
2024/1/18,5.3094
2024/1/17,5.322
2024/1/16,5.3442
2024/1/15,5.3455
2024/1/12,5.3506
2024/1/11,5.3473
2024/1/10,5.3467
2024/1/9,5.353
2024/1/8,5.3489
2024/1/5,5.3514
2024/1/4,5.3569
2024/1/3,5.3621
2024/1/2,5.37
2023/12/29,5.3772
2023/12/29,5.3772
2023/12/28,5.3803
2023/12/28,5.3803
2023/12/27,5.368
2023/12/27,5.368
2023/12/26,5.3644
2023/12/26,5.3644
2023/12/25,5.3634
2023/12/25,5.3634
2023/12/22,5.3511
2023/12/22,5.3511
2023/12/21,5.3354
2023/12/21,5.3354
2023/12/20,5.3443
2023/12/20,5.3443
2023/12/19,5.3329
2023/12/19,5.3329
2023/12/18,5.3294
2023/12/18,5.3294
2023/12/15,5.3417
2023/12/15,5.3417
2023/12/14,5.3341
2023/12/14,5.3341
2023/12/13,5.3119
2023/12/13,5.3119
2023/12/12,5.3083
2023/12/12,5.3083
2023/12/11,5.3116
2023/12/11,5.3116
2023/12/8,5.3153
2023/12/8,5.3153
2023/12/7,5.3137
2023/12/7,5.3137
2023/12/6,5.3157
2023/12/6,5.3157
2023/12/5,5.3252
2023/12/5,5.3252
2023/12/4,5.3358
2023/12/4,5.3358
2023/12/1,5.3265
2023/12/1,5.3265
2023/11/30,5.337
2023/11/30,5.337
2023/11/29,5.3439
2023/11/29,5.3439
2023/11/28,5.3271
2023/11/28,5.3271
2023/11/27,5.3145
2023/11/24,5.3158
2023/11/23,5.3233
2023/11/22,5.3367
2023/11/21,5.3521
2023/11/20,5.3429
2023/11/17,5.3343
2023/11/16,5.3203
2023/11/15,5.3269
2023/11/14,5.2976
2023/11/13,5.2956
2023/11/10,5.2964
2023/11/9,5.3065
2023/11/8,5.3172
2023/11/7,5.3267
2023/11/6,5.3149
2023/11/3,5.28
2023/11/2,5.2727
2023/11/1,5.2693
2023/10/31,5.2744
2023/10/30,5.2594
2023/10/27,5.2642
2023/10/26,5.2559
2023/10/25,5.2692
2023/10/24,5.269
2023/10/23,5.2649
2023/10/20,5.2462
2023/10/19,5.2546
2023/10/18,5.2667
2023/10/17,5.2652
2023/10/16,5.265
2023/10/13,5.2682
2023/10/12,5.2842
2023/10/11,5.2847
2023/10/10,5.2764
2023/10/9,5.2765
2023/9/28,5.2599
2023/9/27,5.2687
2023/9/26,5.2833
2023/9/25,5.2746
2023/9/22,5.2741
2023/9/21,5.2817
2023/9/20,5.2904
2023/9/19,5.2973
2023/9/18,5.2975
2023/9/15,5.3032
2023/9/14,5.3157
2023/9/13,5.3274
2023/9/12,5.3336
2023/9/11,5.3514
2023/9/8,5.3504
2023/9/7,5.3478
2023/9/6,5.3627
2023/9/5,5.3614
2023/9/4,5.3613
2023/9/1,5.3841
2023/8/31,5.3796
2023/8/30,5.3883
2023/8/29,5.364
2023/8/28,5.3619
2023/8/25,5.3626
2023/8/24,5.3725
2023/8/23,5.3679
2023/8/22,5.3711
2023/8/21,5.3611
2023/8/18,5.3693
2023/8/17,5.3565
2023/8/16,5.3545
2023/8/15,5.348
2023/8/14,5.3454
2023/8/11,5.3458
2023/8/10,5.3466
2023/8/9,5.352
2023/8/8,5.357
2023/8/7,5.3472
2023/8/4,5.3519
2023/8/3,5.3567
2023/8/2,5.3664
2023/8/1,5.3745
2023/7/31,5.3736
2023/7/28,5.3796
2023/7/27,5.3913
2023/7/26,5.3733
2023/7/25,5.4073
2023/7/24,5.3951
2023/7/21,5.4196
2023/7/20,5.4473
2023/7/19,5.4249
2023/7/18,5.4242
2023/7/17,5.4014
2023/7/14,5.4028
2023/7/13,5.3856
2023/7/12,5.3649
2023/7/11,5.3674
2023/7/10,5.3545
2023/7/7,5.3539
2023/7/6,5.3545
2023/7/5,5.347
2023/7/4,5.3538
2023/7/3,5.3546
2023/6/30,5.3442
2023/6/29,5.3615
2023/6/28,5.3432
2023/6/27,5.3353
2023/6/26,5.3338
2023/6/21,5.3447
2023/6/20,5.3424
2023/6/19,5.3228
2023/6/16,5.3343
2023/6/15,5.3313
2023/6/14,5.3316
2023/6/13,5.3218
2023/6/12,5.3009
2023/6/9,5.2976
2023/6/8,5.2847
2023/6/7,5.2814
2023/6/6,5.2674
2023/6/5,5.2488
2023/6/2,5.2658
2023/6/1,5.252
2023/5/31,5.2444
2023/5/30,5.2309
2023/5/29,5.2177
2023/5/26,5.2243
2023/5/25,5.2268
2023/5/24,5.2388
2023/5/23,5.2235
2023/5/22,5.2172
2023/5/19,5.2213
2023/5/18,5.2151
2023/5/17,5.2036
2023/5/16,5.2022
2023/5/15,5.2033
2023/5/12,5.2189
2023/5/11,5.2176
2023/5/10,5.2224
2023/5/9,5.225
2023/5/8,5.2168
2023/5/5,5.206
2023/5/4,5.1936
2023/4/28,5.1862
2023/4/27,5.1837
2023/4/26,5.1749
2023/4/25,5.1654
2023/4/24,5.1614
2023/4/21,5.1598
2023/4/20,5.1674
2023/4/19,5.1583
2023/4/18,5.1571
2023/4/17,5.1578
2023/4/14,5.189
2023/4/13,5.1735
2023/4/12,5.1675
2023/4/11,5.1703
2023/4/10,5.1663
2023/4/7,5.1737
2023/4/6,5.1763
2023/4/4,5.1796
2023/4/3,5.1609
2023/3/31,5.176
2023/3/30,5.1827
2023/3/29,5.1792
2023/3/28,5.1672
2023/3/27,5.1605
2023/3/24,5.1499
2023/3/23,5.1673
2023/3/22,5.1386
2023/3/21,5.1419
2023/3/20,5.1243
2023/3/17,5.1298
2023/3/16,5.1173
2023/3/15,5.107
2023/3/14,5.1163
2023/3/13,5.1501
2023/3/10,5.1469
2023/3/9,5.1478
2023/3/8,5.1331
2023/3/7,5.1417
2023/3/6,5.1257
2023/3/3,5.129
2023/3/2,5.1282
2023/3/1,5.1488
2023/2/28,5.1619
2023/2/27,5.1526
2023/2/24,5.1359
2023/2/23,5.1484
2023/2/22,5.1308
2023/2/21,5.1329
2023/2/20,5.1349
2023/2/17,5.1342
2023/2/16,5.1297
2023/2/15,5.1325
2023/2/14,5.1302
2023/2/13,5.1233
2023/2/10,5.1215
2023/2/9,5.1191
2023/2/8,5.1175
2023/2/7,5.118
2023/2/6,5.1139
2023/2/3,5.1414
2023/2/2,5.143
2023/2/1,5.1372
2023/1/31,5.1435
2023/1/30,5.1537
2023/1/20,5.1249
2023/1/19,5.1255
2023/1/18,5.1225
2023/1/17,5.0929
2023/1/16,5.0883
2023/1/13,5.0901
2023/1/12,5.0883
2023/1/11,5.0893
2023/1/10,5.0813
2023/1/9,5.1179
2023/1/6,5.1236
2023/1/5,5.141
2023/1/4,5.1385
2023/1/3,5.1785
2022/12/30,5.1831
2022/12/29,5.1713
2022/12/28,5.1707
2022/12/27,5.1618
2022/12/26,5.1718
2022/12/23,5.1637
2022/12/22,5.1603
2022/12/21,5.1563
2022/12/20,5.1504
2022/12/19,5.1341
2022/12/16,5.1306
2022/12/15,5.1472
2022/12/14,5.1605
2022/12/13,5.1505
2022/12/12,5.1387
2022/12/9,5.1444
2022/12/8,5.1349
2022/12/7,5.1519
2022/12/6,5.1434
2022/12/5,5.206
2022/12/2,5.2142
2022/12/1,5.2383
2022/11/30,5.2159
2022/11/29,5.2204
2022/11/28,5.1985
2022/11/25,5.1866
2022/11/24,5.175
2022/11/23,5.1745
2022/11/22,5.1852
2022/11/21,5.1809
2022/11/18,5.173
2022/11/17,5.1599
2022/11/16,5.1315
2022/11/15,5.1299
2022/11/14,5.1597
2022/11/11,5.1922
2022/11/10,5.1631
2022/11/9,5.1605
2022/11/8,5.1497
2022/11/7,5.1332
2022/11/4,5.121
2022/11/3,5.1148
2022/11/2,5.1147
2022/11/1,5.1103
2022/10/31,5.1022
2022/10/28,5.0964
2022/10/27,5.0973
2022/10/26,5.0905
2022/10/25,5.062
2022/10/24,5.0594
2022/10/21,5.0272
2022/10/20,5.0336
2022/10/19,5.0306
2022/10/18,5.02
2022/10/17,5.0154
2022/10/14,4.9903
2022/10/13,4.9704
2022/10/12,4.9633
2022/10/11,4.9558
2022/10/10,4.9567
2022/9/30,4.9717
2022/9/29,4.9774
2022/9/28,4.9546
2022/9/27,4.9466
2022/9/26,4.9488
2022/9/23,4.9584
2022/9/22,4.9562
2022/9/21,4.9581
2022/9/20,4.9586
2022/9/19,4.9607
2022/9/16,4.9395
2022/9/15,4.9397
2022/9/14,4.9347
2022/9/13,4.9467
2022/9/9,4.9424
2022/9/8,4.9459
2022/9/7,4.9427
2022/9/6,4.9391
2022/9/5,4.9247
2022/9/2,4.9302
2022/9/1,4.9283
2022/8/31,4.9415
2022/8/30,4.9477
2022/8/29,4.9223
2022/8/26,4.9342
2022/8/25,4.9252
2022/8/24,4.9116
2022/8/23,4.9013
2022/8/22,4.8996
2022/8/19,4.9115
2022/8/18,4.9072
2022/8/17,4.9235
2022/8/16,4.9148
2022/8/15,4.9166
2022/8/12,4.9203
2022/8/11,4.9168
2022/8/10,4.9027
2022/8/9,4.9026
2022/8/8,4.8975
2022/8/5,4.8997
2022/8/4,4.8982
2022/8/3,4.8994
2022/8/2,4.902
2022/8/1,4.8824
2022/7/29,4.8883
2022/7/28,4.8768
2022/7/27,4.8745
2022/7/26,4.8677
2022/7/25,4.8626
2022/7/22,4.859
2022/7/21,4.852
2022/7/20,4.848
2022/7/19,4.8267
2022/7/18,4.8239
2022/7/15,4.8095
2022/7/14,4.7877
2022/7/13,4.7799
2022/7/12,4.7883
2022/7/11,4.7883
2022/7/8,4.791
2022/7/7,4.7796
2022/7/6,4.7864
2022/7/5,4.7996
2022/7/4,4.805
2022/7/1,4.8119
2022/6/30,4.817
2022/6/29,4.8307
2022/6/28,4.8308
2022/6/27,4.8253
2022/6/24,4.8219
2022/6/23,4.8364
2022/6/22,4.8389
2022/6/21,4.8154
2022/6/20,4.8315
2022/6/17,4.8378
2022/6/16,4.8374
2022/6/15,4.8457
2022/6/14,4.8431
2022/6/13,4.8356
2022/6/10,4.8458
2022/6/9,4.8564
2022/6/8,4.8484
2022/6/7,4.8369
2022/6/6,4.852
2022/6/2,4.8787
2022/6/1,4.8648
2022/5/31,4.8721
2022/5/30,4.8998
2022/5/27,4.9106
2022/5/26,4.86
2022/5/25,4.8555
2022/5/24,4.8441
2022/5/23,4.8451
2022/5/20,4.8874
2022/5/19,4.8558
2022/5/18,4.869
2022/5/17,4.8783
2022/5/16,4.8721
2022/5/13,4.868
2022/5/12,4.8418
2022/5/11,4.8379
2022/5/10,4.8269
2022/5/9,4.8251
2022/5/6,4.7953
2022/5/5,4.7796
2022/4/29,4.7767
2022/4/28,4.7562
2022/4/27,4.7596
2022/4/26,4.7751
2022/4/25,4.7375
2022/4/22,4.7364
2022/4/21,4.7001
2022/4/20,4.6706
2022/4/19,4.679
2022/4/18,4.694
2022/4/15,4.7089
2022/4/14,4.6701
2022/4/13,4.6732
2022/4/12,4.6718
2022/4/11,4.6694
2022/4/8,4.6746
2022/4/7,4.6801
2022/4/6,4.6936
2022/4/1,4.6852
2022/3/31,4.6932
2022/3/30,4.6867
2022/3/29,4.6783
2022/3/28,4.6911
2022/3/25,4.6945
2022/3/24,4.6902
2022/3/23,4.6837
2022/3/22,4.6867
2022/3/21,4.6947
2022/3/18,4.6854
2022/3/17,4.6649
2022/3/16,4.6738
2022/3/15,4.6589
2022/3/14,4.6475
2022/3/11,4.6574
2022/3/10,4.6431
2022/3/9,4.6267
2022/3/8,4.6397
2022/3/7,4.659
2022/3/4,4.6581
2022/3/3,4.6519
2022/3/2,4.6641
2022/3/1,4.6452
2022/2/28,4.6503
2022/2/25,4.6751
2022/2/24,4.7001
2022/2/23,4.7076
2022/2/22,4.7129
2022/2/21,4.7089
2022/2/18,4.7166
2022/2/17,4.7163
2022/2/16,4.7185
2022/2/15,4.7225
2022/2/14,4.7282
2022/2/11,4.7328
2022/2/10,4.739
2022/2/9,4.7332
2022/2/8,4.7307
2022/2/7,4.7068
2022/1/28,4.7116
2022/1/27,4.7003
2022/1/26,4.7051
2022/1/25,4.7127
2022/1/24,4.7149
2022/1/21,4.712
2022/1/20,4.7105
2022/1/19,4.7108
2022/1/18,4.7105
2022/1/17,4.7147
2022/1/14,4.7287
2022/1/13,4.7154
2022/1/12,4.7143
2022/1/11,4.6976
2022/1/10,4.6923
2022/1/7,4.6848
2022/1/6,4.6939
2022/1/5,4.7045
2022/1/4,4.7137
2021/12/31,4.7179
2021/12/30,4.7084
2021/12/29,4.706
2021/12/28,4.6997
2021/12/27,4.6884
2021/12/24,4.688
2021/12/23,4.6699
2021/12/22,4.6699
2021/12/21,4.6595
2021/12/20,4.6751
2021/12/17,4.6668
2021/12/16,4.6592
2021/12/15,4.6502
2021/12/14,4.6541
2021/12/13,4.6675
2021/12/10,4.6529
2021/12/9,4.66
2021/12/8,4.6632
2021/12/7,4.6564
2021/12/6,4.6456
2021/12/3,4.6561
2021/12/2,4.6675
2021/12/1,4.6656
2021/11/30,4.6625
2021/11/29,4.6601
2021/11/26,4.6731
2021/11/25,4.6754
2021/11/24,4.6788
2021/11/23,4.682
2021/11/22,4.6942
2021/11/19,4.7051
2021/11/18,4.7057
2021/11/17,4.7121
2021/11/16,4.7217
2021/11/15,4.7255
2021/11/12,4.7303
2021/11/11,4.7427
2021/11/10,4.7459
2021/11/9,4.7419
2021/11/8,4.7362
2021/11/5,4.736
2021/11/4,4.7442
2021/11/3,4.7491
2021/11/2,4.7463
2021/11/1,4.7559
2021/10/29,4.7528
2021/10/28,4.7405
2021/10/27,4.7388
2021/10/26,4.7409
2021/10/25,4.7406
2021/10/22,4.7529
2021/10/21,4.7562
2021/10/20,4.7604
2021/10/19,4.7672
2021/10/18,4.7698
2021/10/15,4.774
2021/10/14,4.7651
2021/10/13,4.7609
2021/10/12,4.7531
2021/10/11,4.7588
2021/10/8,4.754
2021/9/30,4.7632
2021/9/29,4.7641
2021/9/28,4.7705
2021/9/27,4.7787
2021/9/24,4.7915
2021/9/23,4.782
2021/9/22,4.7812
2021/9/17,4.7943
2021/9/16,4.7985
2021/9/15,4.7983
2021/9/14,4.8066
2021/9/13,4.8066
2021/9/10,4.8087
2021/9/9,4.7999
2021/9/8,4.8047
2021/9/7,4.8097
2021/9/6,4.8116
2021/9/3,4.8104
2021/9/2,4.8035
2021/9/1,4.8106
2021/8/31,4.8078
2021/8/30,4.805
2021/8/27,4.7889
2021/8/26,4.7855
2021/8/25,4.7778
2021/8/24,4.7784
2021/8/23,4.7692
2021/8/20,4.761
2021/8/19,4.7655
2021/8/18,4.7665
2021/8/17,4.7766
2021/8/16,4.775
2021/8/13,4.7725
2021/8/12,4.7741
2021/8/11,4.7681
2021/8/10,4.7759
2021/8/9,4.782
2021/8/6,4.7832
2021/8/5,4.7865
2021/8/4,4.7858
2021/8/3,4.7747
2021/8/2,4.7739
2021/7/30,4.775
2021/7/29,4.7877
2021/7/28,4.7747
2021/7/27,4.7687
2021/7/26,4.7612
2021/7/23,4.7573
2021/7/22,4.7404
2021/7/21,4.7448
2021/7/20,4.7552
2021/7/19,4.7687
2021/7/16,4.7759
2021/7/15,4.7759
2021/7/14,4.7796
2021/7/13,4.7911
2021/7/12,4.7932
2021/7/9,4.7875
2021/7/8,4.7971
2021/7/7,4.8049
2021/7/6,4.8051
2021/7/5,4.8032
2021/7/2,4.7947
2021/7/1,4.8095
2021/6/30,4.8027
2021/6/29,4.8081
2021/6/28,4.8099
2021/6/25,4.8207
2021/6/24,4.8163
2021/6/23,4.8092
2021/6/22,4.8121
2021/6/21,4.8001
2021/6/18,4.7955
2021/6/17,4.8095
2021/6/16,4.8266
2021/6/15,4.8297
2021/6/11,4.824
2021/6/10,4.8282
2021/6/9,4.8304
2021/6/8,4.831
2021/6/7,4.8291
2021/6/4,4.8247
2021/6/3,4.8247
2021/6/2,4.8213
2021/6/1,4.8122
2021/5/31,4.8119
2021/5/28,4.8189
2021/5/27,4.8322
2021/5/26,4.8371
2021/5/25,4.8387
2021/5/24,4.8362
2021/5/21,4.8322
2021/5/20,4.8288
2021/5/19,4.8309
2021/5/18,4.8204
2021/5/17,4.8247
2021/5/14,4.8373
2021/5/13,4.8451
2021/5/12,4.8447
2021/5/11,4.8419
2021/5/10,4.8605
2021/5/7,4.8491
2021/5/6,4.8589
2021/4/30,4.876
2021/4/29,4.8865
2021/4/28,4.889
2021/4/27,4.8967
2021/4/26,4.8893
2021/4/23,4.8847
2021/4/22,4.8849
2021/4/21,4.8942
2021/4/20,4.8948
2021/4/19,4.8881
2021/4/16,4.8924
2021/4/15,4.8883
2021/4/14,4.877
2021/4/13,4.8835
2021/4/12,4.8886
2021/4/9,4.8822
2021/4/8,4.8813
2021/4/7,4.8844
2021/4/6,4.8876
2021/4/2,4.8815
2021/4/1,4.8756
2021/3/31,4.8768
2021/3/30,4.8689
2021/3/29,4.8599
2021/3/26,4.85
2021/3/25,4.8476
2021/3/24,4.8468
2021/3/23,4.8527
2021/3/22,4.8511
2021/3/19,4.8428
2021/3/18,4.8429
2021/3/17,4.8305
2021/3/16,4.8338
2021/3/15,4.8337
2021/3/12,4.841
2021/3/11,4.8359
2021/3/10,4.8465
2021/3/9,4.8376
2021/3/8,4.8327
2021/3/5,4.8502
2021/3/4,4.8557
2021/3/3,4.8561
2021/3/2,4.868
2021/3/1,4.868
2021/2/26,4.8745
2021/2/25,4.8916
2021/2/24,4.8959
2021/2/23,4.8844
2021/2/22,4.8766
2021/2/19,4.8732
2021/2/18,4.8592
2021/2/10,4.856
2021/2/9,4.8408
2021/2/8,4.8482
2021/2/5,4.8402
2021/2/4,4.8486
2021/2/3,4.8554
2021/2/2,4.859
2021/2/1,4.857
2021/1/29,4.8676
2021/1/28,4.8737
2021/1/27,4.88
2021/1/26,4.8847
2021/1/25,4.8823
2021/1/22,4.8844
2021/1/21,4.8835
2021/1/20,4.881
2021/1/19,4.8769
2021/1/18,4.873
2021/1/15,4.8812
2021/1/14,4.8789
2021/1/13,4.8771
2021/1/12,4.8708
2021/1/11,4.8777
2021/1/8,4.8849
2021/1/7,4.9037
2021/1/6,4.9007
2021/1/5,4.9046
2021/1/4,4.9504
2020/12/31,4.9314
2020/12/30,4.9218
2020/12/29,4.9194
2020/12/28,4.9107
2020/12/25,4.9156
2020/12/24,4.9064
2020/12/23,4.9073
2020/12/22,4.9066
2020/12/21,4.9238
2020/12/18,4.926
2020/12/17,4.9175
2020/12/16,4.9051
2020/12/15,4.9034
2020/12/14,4.8948
2020/12/11,4.8971
2020/12/10,4.8931
2020/12/9,4.8822
2020/12/8,4.8856
2020/12/7,4.8996
2020/12/4,4.9107
2020/12/3,4.9017
2020/12/2,4.9033
2020/12/1,4.9157
2020/11/30,4.9168
2020/11/27,4.9115
2020/11/26,4.9104
2020/11/25,4.9006
2020/11/24,4.8971
2020/11/23,4.8914
2020/11/20,4.8896
2020/11/19,4.8788
2020/11/18,4.8843
2020/11/17,4.8892
2020/11/16,4.9039
2020/11/13,4.9135
2020/11/12,4.9102
2020/11/11,4.9004
2020/11/10,4.8899
2020/11/9,4.9086
2020/11/6,4.9029
2020/11/5,4.929
2020/11/4,4.9147
2020/11/3,4.9057
2020/11/2,4.9059
2020/10/30,4.9186
2020/10/29,4.926
2020/10/28,4.9334
2020/10/27,4.9207
2020/10/26,4.9116
2020/10/23,4.9138
2020/10/22,4.9105
2020/10/21,4.9197
2020/10/20,4.9267
2020/10/19,4.9335
2020/10/16,4.9499
2020/10/15,4.961
2020/10/14,4.9595
2020/10/13,4.9541
2020/10/12,4.9498
2020/10/9,4.9993
2020/9/30,4.9769
2020/9/29,4.9696
2020/9/28,4.9569
2020/9/25,4.9532
2020/9/24,4.9542
2020/9/23,4.9771
2020/9/22,4.9792
2020/9/21,4.9774
2020/9/18,4.981
2020/9/17,4.9791
2020/9/16,4.9812
2020/9/15,4.9998
2020/9/14,4.9983
2020/9/11,4.9952
2020/9/10,4.9984
2020/9/9,4.9906
2020/9/8,5.0022
2020/9/7,5.01
2020/9/4,5.0067
2020/9/3,5.0133
2020/9/2,5.0216
2020/9/1,5.0347
2020/8/31,5.0482
2020/8/28,5.0411
2020/8/27,5.0425
2020/8/26,5.0503
2020/8/25,5.0477
2020/8/24,5.0449
2020/8/21,5.055
2020/8/20,5.0553
2020/8/19,5.0699
2020/8/18,5.0679
2020/8/17,5.0628
2020/8/14,5.056
2020/8/13,5.0611
2020/8/12,5.0672
2020/8/11,5.0733
2020/8/10,5.0731
2020/8/7,5.0705
2020/8/6,5.0701
2020/8/5,5.0793
2020/8/4,5.0699
2020/8/3,5.0858
2020/7/31,5.0937
2020/7/30,5.0865
2020/7/29,5.0737
2020/7/28,5.0685
2020/7/27,5.0608
2020/7/24,5.0472
2020/7/23,5.0426
2020/7/22,5.0398
2020/7/21,5.0323
2020/7/20,5.0333
2020/7/17,5.0302
2020/7/16,5.032
2020/7/15,5.0337
2020/7/14,5.0348
2020/7/13,5.0319
2020/7/10,5.023
2020/7/9,5.0363
2020/7/8,5.0321
2020/7/7,5.0501
2020/7/6,5.0688
2020/7/3,5.0637
2020/7/2,5.0639
2020/7/1,5.074
2020/6/30,5.0813
2020/6/29,5.083
2020/6/24,5.075
2020/6/23,5.0765
2020/6/22,5.0672
2020/6/19,5.0852
2020/6/18,5.0865
2020/6/17,5.0836
2020/6/16,5.0911
2020/6/15,5.0836
2020/6/12,5.0837
2020/6/11,5.1005
2020/6/10,5.0872
2020/6/9,5.0918
2020/6/8,5.0934
2020/6/5,5.0773
2020/6/4,5.0813
2020/6/3,5.0788
2020/6/2,5.0585
2020/6/1,5.0506
2020/5/29,5.0304
2020/5/28,5.0244
2020/5/27,5.0177
2020/5/26,5.0046
2020/5/25,4.9995
2020/5/22,5.0058
2020/5/21,5.0116
2020/5/20,5.0061
2020/5/19,5.0007
2020/5/18,4.9777
2020/5/15,4.9856
2020/5/14,4.9972
2020/5/13,4.9969
2020/5/12,5.0013
2020/5/11,5.0068
2020/5/8,5.0084
2020/5/7,4.9855
2020/5/6,4.9922
2020/4/30,5.0025
2020/4/29,4.9922
2020/4/28,4.9796
2020/4/27,4.9681
2020/4/24,4.9689
2020/4/23,4.9614
2020/4/22,4.9531
2020/4/21,4.9793
2020/4/20,4.9641
2020/4/17,4.9675
2020/4/16,4.9585
2020/4/15,4.9775
2020/4/14,4.9742
2020/4/13,4.9705
2020/4/10,4.9669
2020/4/9,4.9488
2020/4/8,4.9497
2020/4/7,4.9525
2020/4/3,4.9685
2020/4/2,4.9465
2020/4/1,4.9792
2020/3/31,4.9724
2020/3/30,4.9329
2020/3/27,4.9231
2020/3/26,4.8827
2020/3/25,4.8881
2020/3/24,4.872
2020/3/23,4.8775
2020/3/20,4.8975
2020/3/19,4.8917
2020/3/18,4.92
2020/3/17,4.932
2020/3/16,4.9551
2020/3/13,4.9691
2020/3/12,4.9876
2020/3/11,5.0027
2020/3/10,5.0132
2020/3/9,5.0254
2020/3/6,5.0099
2020/3/5,5.0091
2020/3/4,5.0087
2020/3/3,5.0039
2020/3/2,5.0129
2020/2/28,5.0227
2020/2/27,5.0235
2020/2/26,5.0133
2020/2/25,5.0203
2020/2/24,5.0126
2020/2/21,5.0115
2020/2/20,5.0229
2020/2/19,5.0281
2020/2/18,5.0247
2020/2/17,5.0181
2020/2/14,5.0224
2020/2/13,5.0292
2020/2/12,5.0288
2020/2/11,5.0306
2020/2/10,5.0277
2020/2/7,5.0337
2020/2/6,5.0663
2020/2/5,5.0937
2020/2/4,5.0964
2020/2/3,5.0761
2020/1/23,5.1065
2020/1/22,5.0996
2020/1/21,5.0944
2020/1/20,5.0961
2020/1/17,5.114
2020/1/16,5.1126
2020/1/15,5.1091
2020/1/14,5.1204
2020/1/13,5.137
2020/1/10,5.132
2020/1/9,5.1441
2020/1/8,5.1408
2020/1/7,5.1657
2020/1/6,5.1639
2020/1/3,5.1709
2020/1/2,5.1752
2019/12/31,5.1739
2019/12/30,5.1624
2019/12/27,5.1621
2019/12/26,5.154
2019/12/25,5.1695
2019/12/24,5.172
2019/12/23,5.1732
2019/12/20,5.1689
2019/12/19,5.1657
2019/12/18,5.1627
2019/12/17,5.1613
2019/12/16,5.1619
2019/12/13,5.1882
2019/12/12,5.178
2019/12/11,5.1806
2019/12/10,5.1775
2019/12/9,5.1734
2019/12/6,5.1734
2019/12/5,5.174
2019/12/4,5.1555
2019/12/3,5.1388
2019/12/2,5.1376
2019/11/29,5.1478
2019/11/28,5.1445
2019/11/27,5.1558
2019/11/26,5.1536
2019/11/25,5.1611
2019/11/22,5.1607
2019/11/21,5.1567
2019/11/20,5.1502
2019/11/19,5.1513
2019/11/18,5.1487
2019/11/15,5.147
2019/11/14,5.1444
2019/11/13,5.1405
2019/11/12,5.1436
2019/11/11,5.1429
2019/11/8,5.1524
2019/11/7,5.1474
2019/11/6,5.1576
2019/11/5,5.1785
2019/11/4,5.1848
2019/11/1,5.1702
2019/10/31,5.1808
2019/10/30,5.1816
2019/10/29,5.1845
2019/10/28,5.191
2019/10/25,5.1883
2019/10/24,5.1921
2019/10/23,5.1907
2019/10/22,5.1922
2019/10/21,5.1833
2019/10/18,5.1789
2019/10/17,5.1659
2019/10/16,5.1599
2019/10/15,5.1626
2019/10/14,5.1588
2019/10/11,5.1535
2019/10/10,5.1381
2019/10/9,5.1361
2019/10/8,5.1387
2019/9/30,5.1355
2019/9/27,5.139
2019/9/26,5.1588
2019/9/25,5.1474
2019/9/24,5.1525
2019/9/23,5.1448
2019/9/20,5.1377
2019/9/19,5.1476
2019/9/18,5.1491
2019/9/17,5.1412
2019/9/16,5.1429
2019/9/12,5.1549
2019/9/11,5.1415
2019/9/10,5.1459
2019/9/9,5.1413
2019/9/6,5.1391
2019/9/5,5.1319
2019/9/4,5.1235
2019/9/3,5.1249
2019/9/2,5.1247
2019/8/30,5.1314
2019/8/29,5.1333
2019/8/28,5.1274
2019/8/27,5.1223
2019/8/26,5.0743
2019/8/23,5.101
2019/8/22,5.0965
2019/8/21,5.0866
2019/8/20,5.0805
2019/8/19,5.0816
2019/8/16,5.0621
2019/8/15,5.0547
2019/8/14,5.0971
2019/8/13,5.077
2019/8/12,5.0711
2019/8/9,5.0771
2019/8/8,5.0779
2019/8/7,5.071
2019/8/6,5.0296
2019/8/5,5.0239
2019/8/2,5.0056
2019/8/1,5.0192
2019/7/31,5.0231
2019/7/30,5.0273
2019/7/29,5.0262
2019/7/26,5.0308
2019/7/25,5.0377
2019/7/24,5.0406
2019/7/23,5.0552
2019/7/22,5.0552
2019/7/19,5.0571
2019/7/18,5.0527
2019/7/17,5.0679
2019/7/16,5.0677
2019/7/15,5.0563
2019/7/12,5.0594
2019/7/11,5.0593
2019/7/10,5.0557
2019/7/9,5.0621
2019/7/8,5.0644
2019/7/5,5.0673
2019/7/4,5.0665
2019/7/3,5.0628
2019/7/2,5.0527
2019/7/1,5.0828
2019/6/28,5.0805
2019/6/27,5.0777
2019/6/26,5.0747
2019/6/25,5.069
2019/6/24,5.058
2019/6/21,5.0498
2019/6/20,5.0521
2019/6/19,5.0515
2019/6/18,5.0416
2019/6/17,5.0471
2019/6/14,5.0553
2019/6/13,5.0578
2019/6/12,5.0595
2019/6/11,5.0606
2019/6/10,5.0565
2019/6/6,5.0539
2019/6/5,5.0469
2019/6/4,5.0379
2019/6/3,5.0167
2019/5/31,5.0049
2019/5/30,5.0044
2019/5/29,5.0098
2019/5/28,5.0147
2019/5/27,5.0156
2019/5/24,5.0033
2019/5/23,5.0042
2019/5/22,5.0183
2019/5/21,5.0192
2019/5/20,5.0155
2019/5/17,5.0147
2019/5/16,5.0203
2019/5/15,5.0157
2019/5/14,4.9916
2019/5/13,4.9831
2019/5/10,4.9798
2019/5/9,4.9677
2019/5/8,4.9601
2019/5/7,4.9521
2019/5/6,4.9376
2019/4/30,4.9429
2019/4/29,4.9425
2019/4/26,4.9434
2019/4/25,4.9384
2019/4/24,4.9522
2019/4/23,4.9471
2019/4/22,4.9462
2019/4/19,4.945
2019/4/18,4.946
2019/4/17,4.9536
2019/4/16,4.9596
2019/4/15,4.9612
2019/4/12,4.9557
2019/4/11,4.9619
2019/4/10,4.958
2019/4/9,4.957
2019/4/8,4.9592
2019/4/4,4.956
2019/4/3,4.9572
2019/4/2,4.9549
2019/4/1,4.9602
2019/3/29,4.9643
2019/3/28,4.9598
2019/3/27,4.9661
2019/3/26,4.9666
2019/3/25,4.9605
2019/3/22,4.9634
2019/3/21,4.9647
2019/3/20,4.9656
2019/3/19,4.9633
2019/3/18,4.9596
2019/3/15,4.9553
2019/3/14,4.9519
2019/3/13,4.9486
2019/3/12,4.9462
2019/3/11,4.9444
2019/3/8,4.9411
2019/3/7,4.9441
2019/3/6,4.9453
2019/3/5,4.9467
2019/3/4,4.9541
2019/3/1,4.953
2019/2/28,4.9609
2019/2/27,4.9631
2019/2/26,4.9606
2019/2/25,4.9722
2019/2/22,4.9621
2019/2/21,4.9732
2019/2/20,4.9944
2019/2/19,4.9864
2019/2/18,4.9875
2019/2/15,4.9818
2019/2/14,4.9813
2019/2/13,4.991
2019/2/12,4.9807
2019/2/11,4.9786
2019/2/1,4.9824
2019/1/31,4.9743
2019/1/30,4.9806
2019/1/29,4.9778
2019/1/28,4.9869
2019/1/25,4.9914
2019/1/24,4.9918
2019/1/23,4.9982
2019/1/22,4.9929
2019/1/21,4.9892
2019/1/18,4.9924
2019/1/17,4.9893
2019/1/16,4.9867
2019/1/15,4.99
2019/1/14,4.9918
2019/1/11,5.0216
2019/1/10,5.0372
2019/1/9,5.0473
2019/1/8,5.0463
2019/1/7,5.0429
2019/1/4,5.0275
2019/1/3,5.0198
2019/1/2,5.0243
2018/12/28,5.0062
2018/12/27,5.0196
2018/12/26,5.0172
2018/12/25,5.0184
2018/12/24,5.0278
2018/12/21,5.0252
2018/12/20,5.0244
2018/12/19,5.0282
2018/12/18,5.0165
2018/12/17,5.0078
2018/12/14,5.0128
2018/12/13,5.013
2018/12/12,5.0286
2018/12/11,5.0274
2018/12/10,5.0125
2018/12/7,5.0139
2018/12/6,5.0171
2018/12/5,5.0153
2018/12/4,5.0436
2018/12/3,5.0718
2018/11/30,5.0644
2018/11/29,5.0518
2018/11/28,5.0473
2018/11/27,5.0509
2018/11/26,5.0516
2018/11/23,5.0476
2018/11/22,5.0523
2018/11/21,5.0524
2018/11/20,5.0534
2018/11/19,5.047
2018/11/16,5.0427
2018/11/15,5.0334
2018/11/14,5.0376
2018/11/13,5.0307
2018/11/12,5.0378
2018/11/9,5.0425
2018/11/8,5.043
2018/11/7,5.031
2018/11/6,5.0262
2018/11/5,5.0221
2018/11/2,5.0402
2018/11/1,5.034
2018/10/31,5.0273
2018/10/30,5.0297
2018/10/29,5.0281
2018/10/26,5.0323
2018/10/25,5.0278
2018/10/24,5.0324
2018/10/23,5.0279
2018/10/22,5.028
2018/10/19,5.026
2018/10/18,5.028
2018/10/17,5.0304
2018/10/16,5.0249
2018/10/15,5.0198
2018/10/12,5.0182
2018/10/11,4.9959
2018/10/10,4.9985
2018/10/9,4.9883
2018/10/8,4.9896
2018/9/28,5.0315
2018/9/27,5.0266
2018/9/26,5.0212
2018/9/25,5.0109
2018/9/21,5.0122
2018/9/20,5.0057
2018/9/19,5.0059
2018/9/18,4.9887
2018/9/17,4.9874
2018/9/14,4.9906
2018/9/13,4.9921
2018/9/12,4.9832
2018/9/11,4.9679
2018/9/10,4.9629
2018/9/7,4.9644
2018/9/6,4.9632
2018/9/5,4.9644
2018/9/4,4.9708
2018/9/3,4.9833
2018/8/31,4.9952
2018/8/30,4.9935
2018/8/29,4.9898
2018/8/28,4.9975
2018/8/27,5.0241
2018/8/24,5.006
2018/8/23,5.0027
2018/8/22,5.0026
2018/8/21,4.9972
2018/8/20,5.0157
2018/8/17,5.015
2018/8/16,5.0031
2018/8/15,4.9987
2018/8/14,4.9966
2018/8/13,5.0009
2018/8/10,4.9999
2018/8/9,5.0125
2018/8/8,5.0104
2018/8/7,5.0027
2018/8/6,5.0157
2018/8/3,4.9962
2018/8/2,4.9895
2018/8/1,5.0157
2018/7/31,5.0086
2018/7/30,5.0061
2018/7/27,4.9827
2018/7/26,4.9832
2018/7/25,4.9914
2018/7/24,4.9741
2018/7/23,4.9659
2018/7/20,4.9419
2018/7/19,4.9132
2018/7/18,4.9038
2018/7/17,4.9066
2018/7/16,4.8934
2018/7/13,4.8918
2018/7/12,4.8993
2018/7/11,4.8738
2018/7/10,4.8867
2018/7/9,4.8922
2018/7/6,4.8617
2018/7/5,4.8489
2018/7/4,4.8798
2018/7/3,4.8584
2018/7/2,4.8558
2018/6/29,4.8386
2018/6/28,4.8344
2018/6/27,4.8155
2018/6/26,4.7893
2018/6/25,4.7773
2018/6/22,4.7728
2018/6/21,4.7631
2018/6/20,4.7718
2018/6/19,4.7527
2018/6/15,4.7778
2018/6/14,4.7895
2018/6/13,4.7968
2018/6/12,4.7985
2018/6/11,4.7971
2018/6/8,4.7977
2018/6/7,4.7971
2018/6/6,4.799
2018/6/5,4.8005
2018/6/4,4.796
2018/6/1,4.7887
2018/5/31,4.7901
2018/5/30,4.7695
2018/5/29,4.7666
2018/5/28,4.7682
2018/5/25,4.7643
2018/5/24,4.7538
2018/5/23,4.7613
2018/5/22,4.7617
2018/5/21,4.7504
2018/5/18,4.7482
2018/5/17,4.7516
2018/5/16,4.7381
2018/5/15,4.7495
2018/5/14,4.7433
2018/5/11,4.7461
2018/5/10,4.7321
2018/5/9,4.7527
2018/5/8,4.7658
2018/5/7,4.7669
2018/5/4,4.7724
2018/5/3,4.7675
2018/5/2,4.7657
2018/4/27,4.7711
2018/4/26,4.7637
2018/4/25,4.7683
2018/4/24,4.7666
2018/4/23,4.7831
2018/4/20,4.7914
2018/4/19,4.7957
2018/4/18,4.789
2018/4/17,4.7907
2018/4/16,4.7892
2018/4/13,4.7906
2018/4/12,4.7989
2018/4/11,4.8048
2018/4/10,4.8094
2018/4/9,4.7934
2018/4/4,4.7971
2018/4/3,4.7868
2018/4/2,4.7868
2018/3/30,4.795
2018/3/29,4.8
2018/3/28,4.7929
2018/3/27,4.7994
2018/3/26,4.8077
2018/3/23,4.8075
2018/3/22,4.8147
2018/3/21,4.8053
2018/3/20,4.8039
2018/3/19,4.8039
2018/3/16,4.8168
2018/3/15,4.8236
2018/3/14,4.8194
2018/3/13,4.8169
2018/3/12,4.8116
2018/3/9,4.8156
2018/3/8,4.8115
2018/3/7,4.8011
2018/3/6,4.8092
2018/3/5,4.807
2018/3/2,4.7895
2018/3/1,4.7793
2018/2/28,4.774
2018/2/27,4.7943
2018/2/26,4.7993
2018/2/23,4.8137
2018/2/22,4.7955
2018/2/14,4.7949
2018/2/13,4.78
2018/2/12,4.7427
2018/2/9,4.7471
2018/2/8,4.7356
2018/2/7,4.7627
2018/2/6,4.7682
2018/2/5,4.766
2018/2/2,4.8055
2018/2/1,4.8007
2018/1/31,4.8272
2018/1/30,4.8308
2018/1/29,4.8382
2018/1/26,4.8358
2018/1/25,4.8692
2018/1/24,4.8535
2018/1/23,4.851
2018/1/22,4.854
2018/1/19,4.8609
2018/1/18,4.8546
2018/1/17,4.8726
2018/1/16,4.8667
2018/1/15,4.8704
2018/1/12,4.8874
2018/1/11,4.8836
2018/1/10,4.881
2018/1/9,4.8759
2018/1/8,4.8871
2018/1/5,4.8913
2018/1/4,4.8889
2018/1/3,4.8849
2018/1/2,4.87
2017/12/29,4.8831
2017/12/28,4.882
2017/12/27,4.8698
2017/12/26,4.8672
2017/12/25,4.8879
2017/12/22,4.8957
2017/12/21,4.896
2017/12/20,4.9053
2017/12/19,4.9032
2017/12/18,4.903
2017/12/15,4.9109
2017/12/14,4.9052
2017/12/13,4.8974
2017/12/12,4.8969
2017/12/11,4.891
2017/12/8,4.8985
2017/12/7,4.9064
2017/12/6,4.9098
2017/12/5,4.9081
2017/12/4,4.9032
2017/12/1,4.8984
2017/11/30,4.901
2017/11/29,4.9049
2017/11/28,4.8985
2017/11/27,4.892
2017/11/24,4.8914
2017/11/23,4.9024
2017/11/22,4.8967
2017/11/21,4.8892
2017/11/20,4.8859
2017/11/17,4.8871
2017/11/16,4.8842
2017/11/15,4.8783
2017/11/14,4.8753
2017/11/13,4.8756
2017/11/10,4.8776
2017/11/9,4.8699
2017/11/8,4.8631
2017/11/7,4.8617
2017/11/6,4.8557
2017/11/3,4.8617
2017/11/2,4.8649
2017/11/1,4.8663
2017/10/31,4.8807
2017/10/30,4.8686
2017/10/27,4.8597
2017/10/26,4.8763
2017/10/25,4.8681
2017/10/24,4.8697
2017/10/23,4.8625
2017/10/20,4.8737
2017/10/19,4.8734
2017/10/18,4.8759
2017/10/17,4.8718
2017/10/16,4.8759
2017/10/13,4.8682
2017/10/12,4.8613
2017/10/11,4.8571
2017/10/10,4.8645
2017/10/9,4.8751
2017/9/29,4.892
2017/9/28,4.8814
2017/9/27,4.8919
2017/9/26,4.8951
2017/9/25,4.894
2017/9/22,4.8788
2017/9/21,4.8771
2017/9/20,4.88
2017/9/19,4.8678
2017/9/18,4.8624
2017/9/15,4.8591
2017/9/14,4.8472
2017/9/13,4.8523
2017/9/12,4.8466
2017/9/11,4.8209
2017/9/8,4.8413
2017/9/7,4.8352
2017/9/6,4.8281
2017/9/5,4.8082
2017/9/4,4.8366
2017/9/1,4.8594
2017/8/31,4.8615
2017/8/30,4.8757
2017/8/29,4.8909
2017/8/28,4.8947
2017/8/25,4.8893
2017/8/24,4.892
2017/8/23,4.8898
2017/8/22,4.8939
2017/8/21,4.8917
2017/8/18,4.885
2017/8/17,4.896
2017/8/16,4.886
2017/8/15,4.8913
2017/8/14,4.8938
2017/8/11,4.8793
2017/8/10,4.8963
2017/8/9,4.919
2017/8/8,4.9307
2017/8/7,4.9409
2017/8/4,4.945
2017/8/3,4.9397
2017/8/2,4.9458
2017/8/1,4.9529
2017/7/31,4.9591
2017/7/28,4.9601
2017/7/27,4.9631
2017/7/26,4.9541
2017/7/25,4.9536
2017/7/24,4.951
2017/7/21,4.934
2017/7/20,4.9305
2017/7/19,4.9367
2017/7/18,4.9349
2017/7/17,4.9307
2017/7/14,4.9318
2017/7/13,4.9216
2017/7/12,4.9146
2017/7/11,4.9094
2017/7/10,4.919
2017/7/7,4.9127
2017/7/6,4.923
2017/7/5,4.9166
2017/7/4,4.9143
2017/7/3,4.9242
2017/6/30,4.9135
2017/6/29,4.9169
2017/6/28,4.9086
2017/6/27,4.9198
2017/6/26,4.9188
2017/6/23,4.9088
2017/6/22,4.9105
2017/6/21,4.911
2017/6/20,4.9113
2017/6/19,4.9131
2017/6/16,4.9165
2017/6/15,4.9343
2017/6/14,4.9169
2017/6/13,4.9093
2017/6/12,4.9083
2017/6/9,4.9169
2017/6/8,4.9142
2017/6/7,4.92
2017/6/6,4.9192
2017/6/5,4.9187
2017/6/2,4.9111
2017/6/1,4.9242
2017/5/31,4.955
2017/5/26,4.9588
2017/5/25,4.9688
2017/5/24,4.9603
2017/5/23,4.9624
2017/5/22,4.9609
2017/5/19,4.9505
2017/5/18,4.9433
2017/5/17,4.9324
2017/5/16,4.9308
2017/5/15,4.9087
2017/5/12,4.9035
2017/5/11,4.8912
2017/5/10,4.9
2017/5/9,4.9173
2017/5/8,4.9057
2017/5/5,4.9196
2017/5/4,4.9393
2017/5/3,4.9471
2017/5/2,4.9403
2017/4/28,4.939
2017/4/27,4.9406
2017/4/26,4.9398
2017/4/25,4.9436
2017/4/24,4.9315
2017/4/21,4.9271
2017/4/20,4.9268
2017/4/19,4.9234
2017/4/18,4.9259
2017/4/17,4.9309
2017/4/14,4.9273
2017/4/13,4.9292
2017/4/12,4.9118
2017/4/11,4.9094
2017/4/10,4.914
2017/4/7,4.9234
2017/4/6,4.9266
2017/4/5,4.9294
2017/3/31,4.9365
2017/3/30,4.9387
2017/3/29,4.9322
2017/3/28,4.9356
2017/3/27,4.9227
2017/3/24,4.9193
2017/3/23,4.9209
2017/3/22,4.9193
2017/3/21,4.9446
2017/3/20,4.9262
2017/3/17,4.9148
2017/3/16,4.9155
2017/3/15,4.8839
2017/3/14,4.8863
2017/3/13,4.8865
2017/3/10,4.8635
2017/3/9,4.8773
2017/3/8,4.8919
2017/3/7,4.8867
2017/3/6,4.8831
2017/3/3,4.8792
2017/3/2,4.8758
2017/3/1,4.8931
2017/2/28,4.8915
2017/2/27,4.893
2017/2/24,4.8786
2017/2/23,4.8581
2017/2/22,4.8461
2017/2/21,4.8485
2017/2/20,4.8466
2017/2/17,4.833
2017/2/16,4.8389
2017/2/15,4.8316
2017/2/14,4.8349
2017/2/13,4.8391
2017/2/10,4.8364
2017/2/9,4.8506
2017/2/8,4.8569
2017/2/7,4.8649
2017/2/6,4.8788
2017/2/3,4.8606
2017/1/26,4.8613
2017/1/25,4.8324
2017/1/24,4.828
2017/1/23,4.8279
2017/1/20,4.8205
2017/1/19,4.793
2017/1/18,4.8316
2017/1/17,4.8314
2017/1/16,4.8257
2017/1/13,4.8266
2017/1/12,4.8478
2017/1/11,4.8195
2017/1/10,4.8238
2017/1/9,4.8169
2017/1/6,4.8021
2017/1/5,4.8191
2017/1/4,4.8051
2017/1/3,4.7988
2016/12/30,4.7995
2016/12/29,4.7985
2016/12/28,4.7962
2016/12/27,4.799
2016/12/26,4.8045
2016/12/23,4.7918
2016/12/22,4.8064
2016/12/21,4.8137
2016/12/20,4.8014
2016/12/19,4.8123
2016/12/16,4.8162
2016/12/15,4.8097
2016/12/14,4.8487
2016/12/13,4.8463
2016/12/12,4.8278
2016/12/9,4.8416
2016/12/8,4.8536
2016/12/7,4.846
2016/12/6,4.8418
2016/12/5,4.8356
2016/12/2,4.8266
2016/12/1,4.8147
2016/11/30,4.8398
2016/11/29,4.8433
2016/11/28,4.8452
2016/11/25,4.831
2016/11/24,4.8227
2016/11/23,4.8404
2016/11/22,4.8388
2016/11/21,4.8368
2016/11/18,4.8399
2016/11/17,4.8615
2016/11/16,4.8515
2016/11/15,4.8492
2016/11/14,4.8248
2016/11/11,4.8227
2016/11/10,4.8531
2016/11/9,4.8895
2016/11/8,4.8793
2016/11/7,4.8832
2016/11/4,4.8795
2016/11/3,4.8777
2016/11/2,4.8668
2016/11/1,4.868
2016/10/31,4.8633
2016/10/28,4.8661
2016/10/27,4.8694
2016/10/26,4.8764
2016/10/25,4.8595
2016/10/24,4.8571
2016/10/21,4.8511
2016/10/20,4.8573
2016/10/19,4.861
2016/10/18,4.8513
2016/10/17,4.8395
2016/10/14,4.8571
2016/10/13,4.858
2016/10/12,4.8816
2016/10/11,4.8786
2016/10/10,4.8717
2016/9/30,4.8894
2016/9/29,4.9068
2016/9/28,4.9046
2016/9/27,4.8988
2016/9/26,4.9113
2016/9/23,4.916
2016/9/22,4.9219
2016/9/21,4.9018
2016/9/20,4.8912
2016/9/19,4.8826
2016/9/14,4.8959
2016/9/13,4.9221
2016/9/12,4.9181
2016/9/9,4.9375
2016/9/8,4.9479
2016/9/7,4.9478
2016/9/6,4.9156
2016/9/5,4.916
2016/9/2,4.9083
2016/9/1,4.9026
2016/8/31,4.9061
2016/8/30,4.9148
2016/8/29,4.9121
2016/8/26,4.9178
2016/8/25,4.9159
2016/8/24,4.914
2016/8/23,4.9292
2016/8/22,4.9375
2016/8/19,4.9422
2016/8/18,4.9417
2016/8/17,4.9339
2016/8/16,4.9395
2016/8/15,4.9343
2016/8/12,4.9481
2016/8/11,4.9453
2016/8/10,4.9533
2016/8/9,4.9454
2016/8/8,4.9407
2016/8/5,4.9501
2016/8/4,4.9505
2016/8/3,4.9411
2016/8/2,4.9514
2016/8/1,4.9446
2016/7/29,4.9204
2016/7/28,4.9289
2016/7/27,4.9122
2016/7/26,4.9024
2016/7/25,4.914
2016/7/22,4.9238
2016/7/21,4.9232
2016/7/20,4.9485
2016/7/19,4.9677
2016/7/18,4.9684
2016/7/15,4.9749
2016/7/14,4.9625
2016/7/13,4.9641
2016/7/12,4.9576
2016/7/11,4.9642
2016/7/8,4.9548
2016/7/7,4.9496
2016/7/6,4.9406
2016/7/5,4.9457
2016/7/4,4.9396
2016/7/1,4.9363
2016/6/30,4.9239
2016/6/29,4.9048
2016/6/28,4.8841
2016/6/27,4.8883
2016/6/24,4.8965
2016/6/23,4.9122
2016/6/22,4.9073
2016/6/21,4.8923
2016/6/20,4.8853
2016/6/17,4.8808
2016/6/16,4.8684
2016/6/15,4.8689
2016/6/14,4.8494
2016/6/13,4.8387
2016/6/8,4.8533
2016/6/7,4.8378
2016/6/6,4.822
2016/6/3,4.7831
2016/6/2,4.7729
2016/6/1,4.7803
2016/5/31,4.7677
2016/5/30,4.7639
2016/5/27,4.7719
2016/5/26,4.7596
2016/5/25,4.7531
2016/5/24,4.7497
2016/5/23,4.7443
2016/5/20,4.7507
2016/5/19,4.7441
2016/5/18,4.7572
2016/5/17,4.7654
2016/5/16,4.7573
2016/5/13,4.7466
2016/5/12,4.7534
2016/5/11,4.769
2016/5/10,4.7528
2016/5/9,4.7796
2016/5/6,4.7956
2016/5/5,4.7924
2016/5/4,4.8037
2016/5/3,4.8238
2016/4/29,4.8106
2016/4/28,4.8173
2016/4/27,4.8008
2016/4/26,4.8021
2016/4/25,4.8045
2016/4/22,4.8105
2016/4/21,4.8133
2016/4/20,4.8236
2016/4/19,4.7896
2016/4/18,4.7624
2016/4/15,4.7578
2016/4/14,4.7775
2016/4/13,4.8068
2016/4/12,4.8056
2016/4/11,4.7927
2016/4/8,4.7838
2016/4/7,4.805
2016/4/6,4.7791
2016/4/5,4.7795
2016/4/1,4.7906
2016/3/31,4.7884
2016/3/30,4.791
2016/3/29,4.7537
2016/3/28,4.7498
2016/3/25,4.7573
2016/3/24,4.7575
2016/3/23,4.7712
2016/3/22,4.7678
2016/3/21,4.7688
2016/3/18,4.789
2016/3/17,4.7565
2016/3/16,4.7179
2016/3/15,4.7231
2016/3/14,4.725
2016/3/11,4.7092
2016/3/10,4.7137
2016/3/9,4.699
2016/3/8,4.7162
2016/3/7,4.7319
2016/3/4,4.7062
2016/3/3,4.68
2016/3/2,4.6725
2016/3/1,4.6556
2016/2/29,4.6456
2016/2/26,4.6652
2016/2/25,4.6508
2016/2/24,4.6409
2016/2/23,4.6566
2016/2/22,4.6374
2016/2/19,4.6384
2016/2/18,4.6443
2016/2/17,4.6336
2016/2/16,4.6502
2016/2/15,4.6822
2016/2/5,4.6845
2016/2/4,4.6335
2016/2/3,4.5884
2016/2/2,4.6072
2016/2/1,4.6024
2016/1/29,4.5984
2016/1/28,4.5846
2016/1/27,4.6024
2016/1/26,4.5876
2016/1/25,4.5986
2016/1/22,4.5827
2016/1/21,4.5745
2016/1/20,4.5678
2016/1/19,4.5696
2016/1/18,4.5628
2016/1/15,4.5774
2016/1/14,4.565
2016/1/13,4.5755
2016/1/12,4.5852
2016/1/11,4.5637
2016/1/8,4.5919
2016/1/7,4.5626
2016/1/6,4.58
2016/1/5,4.5772
2016/1/4,4.5747
2015/12/31,4.5875
2015/12/30,4.5911
2015/12/29,4.6102
2015/12/28,4.6067
2015/12/25,4.6098
2015/12/24,4.6107
2015/12/23,4.6095
2015/12/22,4.6046
2015/12/21,4.5878
2015/12/18,4.5685
2015/12/17,4.589
2015/12/16,4.5926
2015/12/15,4.5842
2015/12/14,4.5679
2015/12/11,4.5867
2015/12/10,4.5816
2015/12/9,4.5571
2015/12/8,4.5586
2015/12/7,4.5769
2015/12/4,4.5801
2015/12/3,4.5291
2015/12/2,4.5498
2015/12/1,4.5329
2015/11/30,4.5211
2015/11/27,4.5383
2015/11/26,4.5482
2015/11/25,4.5375
2015/11/24,4.5061
2015/11/23,4.5162
2015/11/20,4.511
2015/11/19,4.4946
2015/11/18,4.4788
2015/11/17,4.4825
2015/11/16,4.4744
2015/11/13,4.4877
2015/11/12,4.488
2015/11/11,4.4787
2015/11/10,4.47
2015/11/9,4.4756
2015/11/6,4.5115
2015/11/5,4.5175
2015/11/4,4.5424
2015/11/3,4.5334
2015/11/2,4.5144
2015/10/30,4.5336
2015/10/29,4.5348
2015/10/28,4.5469
2015/10/27,4.5652
2015/10/26,4.5457
2015/10/23,4.574
2015/10/22,4.5544
2015/10/21,4.567
2015/10/20,4.5781
2015/10/19,4.5994
2015/10/16,4.5967
2015/10/15,4.6045
2015/10/14,4.5338
2015/10/13,4.5151
2015/10/12,4.5348
2015/10/9,4.5266
2015/10/8,4.5052
2015/9/30,4.4602
2015/9/29,4.4493
2015/9/28,4.4697
2015/9/25,4.4831
2015/9/24,4.4776
2015/9/23,4.4979
2015/9/22,4.5147
2015/9/21,4.5372
2015/9/18,4.5479
2015/9/17,4.5557
2015/9/16,4.5491
2015/9/15,4.5444
2015/9/14,4.5205
2015/9/11,4.5115
2015/9/10,4.4835
2015/9/9,4.4899
2015/9/8,4.4571
2015/9/7,4.4704
2015/9/2,4.5061
2015/9/1,4.5213
2015/8/31,4.5337
2015/8/28,4.581
2015/8/27,4.5726
2015/8/26,4.5604
2015/8/25,4.5409
2015/8/24,4.5144
2015/8/21,4.5476
2015/8/20,4.5641
2015/8/19,4.5581
2015/8/18,4.5435
2015/8/17,4.5432
2015/8/14,4.5755
2015/8/13,4.5548
2015/8/12,4.5061
2015/8/11,4.4501
2015/8/10,4.4378
2015/8/7,4.4361
2015/8/6,4.4428
2015/8/5,4.4449
2015/8/4,4.4517
2015/8/3,4.4724
2015/7/31,4.4703
2015/7/30,4.4823
2015/7/29,4.503
2015/7/28,4.487
2015/7/27,4.4739
2015/7/24,4.4855
2015/7/23,4.4923
2015/7/22,4.5008
2015/7/21,4.4781
2015/7/20,4.486
2015/7/17,4.4943
2015/7/16,4.495
2015/7/15,4.5104
2015/7/14,4.5136
2015/7/13,4.5432
2015/7/10,4.5499
2015/7/9,4.5411
2015/7/8,4.5319
2015/7/7,4.5465
2015/7/6,4.5491
2015/7/3,4.5529
2015/7/2,4.5384
2015/7/1,4.5565
2015/6/30,4.558
2015/6/29,4.538
2015/6/26,4.5737
2015/6/25,4.5687
2015/6/24,4.5812
2015/6/23,4.5992
2015/6/19,4.6024
2015/6/18,4.5938
2015/6/17,4.5707
2015/6/16,4.5608
2015/6/15,4.5613
2015/6/12,4.5652
2015/6/11,4.5672
2015/6/10,4.5444
2015/6/9,4.5327
2015/6/8,4.5208
2015/6/5,4.5524
2015/6/4,4.5655
2015/6/3,4.5476
2015/6/2,4.5308
2015/6/1,4.547
2015/5/29,4.5554
2015/5/28,4.5459
2015/5/27,4.5529
2015/5/26,4.5698
2015/5/25,4.5892
2015/5/22,4.5949
2015/5/21,4.5938
2015/5/20,4.5942
2015/5/19,4.621
2015/5/18,4.6397
2015/5/15,4.6409
2015/5/14,4.6245
2015/5/13,4.6006
2015/5/12,4.5882
2015/5/11,4.6152
2015/5/8,4.6062
2015/5/7,4.63
2015/5/6,4.609
2015/5/5,4.6103
2015/5/4,4.6107
2015/4/30,4.6455
2015/4/29,4.6549
2015/4/28,4.6269
2015/4/27,4.6103
2015/4/24,4.5783
2015/4/23,4.56
2015/4/22,4.5475
2015/4/21,4.5572
2015/4/20,4.5731
2015/4/17,4.5502
2015/4/16,4.5402
2015/4/15,4.5283
2015/4/14,4.5201
2015/4/13,4.5093
2015/4/10,4.5294
2015/4/9,4.5338
2015/4/8,4.5243
2015/4/7,4.5335
2015/4/3,4.5303
2015/4/2,4.5153
2015/4/1,4.4907
2015/3/31,4.4758
2015/3/30,4.4879
2015/3/27,4.497
2015/3/26,4.4951
2015/3/25,4.511
2015/3/24,4.5028
2015/3/23,4.4642
2015/3/20,4.4458
2015/3/19,4.4784
2015/3/18,4.4492
2015/3/17,4.4486
2015/3/16,4.4468
2015/3/13,4.4778
2015/3/12,4.4612
2015/3/11,4.4634
2015/3/10,4.4743
2015/3/9,4.4878
2015/3/6,4.5111
2015/3/5,4.5263
2015/3/4,4.5379
2015/3/3,4.5281
2015/3/2,4.5281
2015/2/27,4.5581
2015/2/26,4.5621
2015/2/25,4.5497
2015/2/17,4.5489
2015/2/16,4.5513
2015/2/13,4.5399
2015/2/12,4.5221
2015/2/11,4.546
2015/2/10,4.551
2015/2/9,4.5555
2015/2/6,4.5825
2015/2/5,4.5664
2015/2/4,4.5766
2015/2/3,4.5632
2015/2/2,4.5597
2015/1/30,4.5544
2015/1/29,4.552
2015/1/28,4.5604
2015/1/27,4.5787
2015/1/26,4.5821
2015/1/23,4.5969
2015/1/22,4.6004
2015/1/21,4.5914
2015/1/20,4.6059
2015/1/19,4.6304
2015/1/16,4.6299
2015/1/15,4.5987
2015/1/14,4.6053
2015/1/13,4.5983
2015/1/12,4.6108
2015/1/9,4.6039
2015/1/8,4.6024
2015/1/7,4.6048
2015/1/6,4.6024
2015/1/5,4.6084
2014/12/31,4.6396
2014/12/30,4.6381
2014/12/29,4.6402
2014/12/26,4.6374
2014/12/25,4.6389
2014/12/24,4.6371
2014/12/23,4.6526
2014/12/22,4.6649
2014/12/19,4.6633
2014/12/18,4.6688
2014/12/17,4.7165
2014/12/16,4.6739
2014/12/15,4.6722
2014/12/12,4.6721
2014/12/11,4.6818
2014/12/10,4.6623
2014/12/9,4.6477
2014/12/8,4.6438
2014/12/5,4.6803
2014/12/4,4.6806
2014/12/3,4.6819
2014/12/2,4.7006
2014/12/1,4.6913
2014/11/28,4.7158
2014/11/27,4.7258
2014/11/26,4.7229
2014/11/25,4.7157
2014/11/24,4.7301
2014/11/21,4.7225
2014/11/20,4.7119
2014/11/19,4.7271
2014/11/18,4.7314
2014/11/17,4.7321
2014/11/14,4.7448
2014/11/13,4.7588
2014/11/12,4.7496
2014/11/11,4.7532
2014/11/10,4.7699
2014/11/7,4.7495
2014/11/6,4.7464
2014/11/5,4.7646
2014/11/4,4.7581
2014/11/3,4.7726
2014/10/31,4.8057
2014/10/30,4.804
2014/10/29,4.8225
2014/10/28,4.8184
